{"cameraMode":{"drawMode":0,"name":"Shaded","section":"Shading Mode"},"sceneLighting":false,"audioPlay":false,"sceneViewState":{"showFog":true,"showMaterialUpdate":false,"showSkybox":true,"showFlares":true,"showImageEffects":true,"showParticleSystems":true},"in2DMode":false,"pivot":{"x":2.9376959800720217,"y":-32.505374908447269,"z":-0.08784061670303345},"rotation":{"x":0.16872723400592805,"y":0.4585118889808655,"z":-0.0891326367855072,"w":0.8679643869400024},"size":0.22308862209320069,"orthographic":false}