{"cameraMode":{"drawMode":0,"name":"Shaded","section":"Shading Mode"},"sceneLighting":false,"audioPlay":false,"sceneViewState":{"showFog":true,"showMaterialUpdate":false,"showSkybox":true,"showFlares":true,"showImageEffects":true,"showParticleSystems":true},"in2DMode":false,"pivot":{"x":2.3359313011169435,"y":-31.742164611816408,"z":-4.264587879180908},"rotation":{"x":0.04315255954861641,"y":-0.9558753371238709,"z":0.22633396089076997,"w":0.1822463870048523},"size":1.0465552806854249,"orthographic":false}