{"cameraMode":{"drawMode":0,"name":"Shaded","section":"Shading Mode"},"sceneLighting":false,"audioPlay":false,"sceneViewState":{"showFog":true,"showMaterialUpdate":false,"showSkybox":true,"showFlares":true,"showImageEffects":true,"showParticleSystems":true},"in2DMode":false,"pivot":{"x":-1.0996524095535279,"y":-31.029590606689454,"z":-2.1992146968841554},"rotation":{"x":-0.05938062071800232,"y":0.8714619278907776,"z":-0.10906187444925308,"w":-0.47450128197669985},"size":2.7627437114715578,"orthographic":false}