{"cameraMode":{"drawMode":0,"name":"Shaded","section":"Shading Mode"},"sceneLighting":false,"audioPlay":false,"sceneViewState":{"showFog":true,"showMaterialUpdate":false,"showSkybox":true,"showFlares":true,"showImageEffects":true,"showParticleSystems":true},"in2DMode":false,"pivot":{"x":-1.2875548601150513,"y":-30.655790328979493,"z":-1.7581944465637208},"rotation":{"x":-0.04212845861911774,"y":0.8837154507637024,"z":-0.08108248561620712,"w":-0.4590616524219513},"size":1.2627439498901368,"orthographic":false}