{"cameraMode":{"drawMode":0,"name":"Shaded","section":"Shading Mode"},"sceneLighting":false,"audioPlay":false,"sceneViewState":{"showFog":false,"showMaterialUpdate":false,"showSkybox":false,"showFlares":false,"showImageEffects":false,"showParticleSystems":false},"in2DMode":false,"pivot":{"x":-2.8478007316589357,"y":-29.067548751831056,"z":1.8265620470046998},"rotation":{"x":-0.05578424036502838,"y":-0.9441896677017212,"z":0.2256668359041214,"w":-0.23345381021499635},"size":6.663766860961914,"orthographic":false}