{"cameraMode":{"drawMode":0,"name":"Shaded","section":"Shading Mode"},"sceneLighting":false,"audioPlay":false,"sceneViewState":{"showFog":true,"showMaterialUpdate":false,"showSkybox":true,"showFlares":true,"showImageEffects":true,"showParticleSystems":true},"in2DMode":false,"pivot":{"x":2.609933376312256,"y":-32.80057907104492,"z":-0.9807922840118408},"rotation":{"x":0.005497698672115803,"y":0.9520390033721924,"z":0.01713971234858036,"w":-0.30548977851867678},"size":8.828065872192383,"orthographic":false}