{"cameraMode":{"drawMode":0,"name":"Shaded","section":"Shading Mode"},"sceneLighting":false,"audioPlay":false,"sceneViewState":{"showFog":true,"showMaterialUpdate":false,"showSkybox":true,"showFlares":true,"showImageEffects":true,"showParticleSystems":true},"in2DMode":false,"pivot":{"x":-0.6781611442565918,"y":-31.459562301635743,"z":-4.036698341369629},"rotation":{"x":-0.06634653359651566,"y":0.9074428081512451,"z":-0.1567024439573288,"w":-0.3841952979564667},"size":6.6959075927734379,"orthographic":false}