{"cameraMode":{"drawMode":0,"name":"Shaded","section":"Shading Mode"},"sceneLighting":false,"audioPlay":false,"sceneViewState":{"showFog":true,"showMaterialUpdate":false,"showSkybox":true,"showFlares":true,"showImageEffects":true,"showParticleSystems":true},"in2DMode":false,"pivot":{"x":0.8901169300079346,"y":-30.685522079467775,"z":-1.4656676054000855},"rotation":{"x":0.05265180394053459,"y":0.9364557862281799,"z":-0.1602656990289688,"w":0.3076300621032715},"size":1.2627439498901368,"orthographic":false}