{"cameraMode":{"drawMode":0,"name":"Shaded","section":"Shading Mode"},"sceneLighting":false,"audioPlay":false,"sceneViewState":{"showFog":true,"showMaterialUpdate":false,"showSkybox":true,"showFlares":true,"showImageEffects":true,"showParticleSystems":true},"in2DMode":false,"pivot":{"x":1.4624167680740357,"y":-30.21723175048828,"z":-2.110341787338257},"rotation":{"x":-0.11377593129873276,"y":0.7056073546409607,"z":-0.11641181260347367,"w":-0.6896920800209045},"size":0.0412294864654541,"orthographic":false}