{"cameraMode":{"drawMode":0,"name":"Shaded","section":"Shading Mode"},"sceneLighting":false,"audioPlay":false,"sceneViewState":{"showFog":true,"showMaterialUpdate":false,"showSkybox":true,"showFlares":true,"showImageEffects":true,"showParticleSystems":true},"in2DMode":false,"pivot":{"x":-0.24340535700321198,"y":-31.14917755126953,"z":3.144826889038086},"rotation":{"x":-0.0006290914607234299,"y":0.9118761420249939,"z":0.001360936090350151,"w":0.41050300002098086},"size":0.2889624238014221,"orthographic":false}