{"cameraMode":{"drawMode":0,"name":"Shaded","section":"Shading Mode"},"sceneLighting":false,"audioPlay":false,"sceneViewState":{"showFog":true,"showMaterialUpdate":false,"showSkybox":true,"showFlares":true,"showImageEffects":true,"showParticleSystems":true},"in2DMode":false,"pivot":{"x":-6.731916427612305,"y":-12.322517395019532,"z":-1.9778881072998047},"rotation":{"x":0.13197873532772065,"y":0.8314745426177979,"z":0.22343356907367707,"w":-0.49127113819122317},"size":22.49524688720703,"orthographic":false}