{"cameraMode":{"drawMode":0,"name":"Shaded","section":"Shading Mode"},"sceneLighting":false,"audioPlay":false,"sceneViewState":{"showFog":true,"showMaterialUpdate":false,"showSkybox":true,"showFlares":true,"showImageEffects":true,"showParticleSystems":true},"in2DMode":false,"pivot":{"x":0.6113089323043823,"y":-31.386301040649415,"z":2.8012681007385256},"rotation":{"x":0.02856924943625927,"y":0.9458901286125183,"z":-0.31135988235473635,"w":0.0867912620306015},"size":1.7557594776153565,"orthographic":false}