{"cameraMode":{"drawMode":0,"name":"Shaded","section":"Shading Mode"},"sceneLighting":false,"audioPlay":false,"sceneViewState":{"showFog":true,"showMaterialUpdate":false,"showSkybox":true,"showFlares":true,"showImageEffects":true,"showParticleSystems":true},"in2DMode":false,"pivot":{"x":2.52811336517334,"y":-31.555675506591798,"z":-3.8412046432495119},"rotation":{"x":-0.07126067578792572,"y":-0.9255598187446594,"z":0.2200341522693634,"w":-0.299755722284317},"size":3.041764736175537,"orthographic":false}