{"cameraMode":{"drawMode":0,"name":"Shaded","section":"Shading Mode"},"sceneLighting":false,"audioPlay":false,"sceneViewState":{"showFog":true,"showMaterialUpdate":false,"showSkybox":true,"showFlares":true,"showImageEffects":true,"showParticleSystems":true},"in2DMode":false,"pivot":{"x":2.071154832839966,"y":-31.612279891967775,"z":-2.6726741790771486},"rotation":{"x":-0.018323751166462899,"y":-0.5293712615966797,"z":-0.011436853557825089,"w":0.8481228351593018},"size":0.005577802658081055,"orthographic":false}