{"cameraMode":{"drawMode":0,"name":"Shaded","section":"Shading Mode"},"sceneLighting":false,"audioPlay":false,"sceneViewState":{"showFog":true,"showMaterialUpdate":false,"showSkybox":true,"showFlares":true,"showImageEffects":true,"showParticleSystems":true},"in2DMode":false,"pivot":{"x":1.2180018424987794,"y":-31.25029754638672,"z":2.6514177322387697},"rotation":{"x":0.005213399417698383,"y":0.8137946724891663,"z":-0.5811010003089905,"w":0.007311329245567322},"size":19.330806732177736,"orthographic":false}