{"cameraMode":{"drawMode":0,"name":"Shaded","section":"Shading Mode"},"sceneLighting":false,"audioPlay":false,"sceneViewState":{"showFog":true,"showMaterialUpdate":false,"showSkybox":true,"showFlares":true,"showImageEffects":true,"showParticleSystems":true},"in2DMode":false,"pivot":{"x":4.6079630851745609,"y":-31.724035263061525,"z":0.48675596714019778},"rotation":{"x":0.3370685875415802,"y":-0.10140631347894669,"z":0.03654617443680763,"w":0.9352948665618897},"size":1.9700405597686768,"orthographic":false}