{"cameraMode":{"drawMode":0,"name":"Shaded","section":"Shading Mode"},"sceneLighting":false,"audioPlay":false,"sceneViewState":{"showFog":true,"showMaterialUpdate":false,"showSkybox":true,"showFlares":true,"showImageEffects":true,"showParticleSystems":true},"in2DMode":false,"pivot":{"x":3.8222413063049318,"y":-31.419069290161134,"z":-1.4498628377914429},"rotation":{"x":0.06270360201597214,"y":0.08970028907060623,"z":-0.005658627953380346,"w":0.9939767718315125},"size":1.6721858978271485,"orthographic":false}