{"cameraMode":{"drawMode":0,"name":"Shaded","section":"Shading Mode"},"sceneLighting":false,"audioPlay":false,"sceneViewState":{"showFog":true,"showMaterialUpdate":false,"showSkybox":true,"showFlares":true,"showImageEffects":true,"showParticleSystems":true},"in2DMode":false,"pivot":{"x":2.528899908065796,"y":-30.85577392578125,"z":-2.9972825050354006},"rotation":{"x":-0.07878903299570084,"y":0.12554551661014558,"z":0.0099716167896986,"w":0.9889250993728638},"size":0.5695279836654663,"orthographic":false}