{"cameraMode":{"drawMode":0,"name":"Shaded","section":"Shading Mode"},"sceneLighting":false,"audioPlay":false,"sceneViewState":{"showFog":true,"showMaterialUpdate":false,"showSkybox":true,"showFlares":true,"showImageEffects":true,"showParticleSystems":true},"in2DMode":false,"pivot":{"x":-0.8820900917053223,"y":-30.727861404418947,"z":1.2011669874191285},"rotation":{"x":-0.1167084202170372,"y":0.8127228617668152,"z":-0.1745026707649231,"w":-0.5435650944709778},"size":0.4411405324935913,"orthographic":false}