{"cameraMode":{"drawMode":0,"name":"Shaded","section":"Shading Mode"},"sceneLighting":false,"audioPlay":false,"sceneViewState":{"showFog":true,"showMaterialUpdate":false,"showSkybox":true,"showFlares":true,"showImageEffects":true,"showParticleSystems":true},"in2DMode":false,"pivot":{"x":3.7089996337890627,"y":-30.722000122070314,"z":1.3390005826950074},"rotation":{"x":-0.15151415765285493,"y":0.7997884154319763,"z":-0.22651313245296479,"w":-0.5348982810974121},"size":1.0461164712905884,"orthographic":false}