{"cameraMode":{"drawMode":0,"name":"Shaded","section":"Shading Mode"},"sceneLighting":false,"audioPlay":false,"sceneViewState":{"showFog":true,"showMaterialUpdate":false,"showSkybox":true,"showFlares":true,"showImageEffects":true,"showParticleSystems":true},"in2DMode":false,"pivot":{"x":4.618247985839844,"y":-31.973602294921876,"z":-0.6775500774383545},"rotation":{"x":0.13748887181282044,"y":0.40769022703170779,"z":-0.06224168837070465,"w":0.9005630612373352},"size":5.083456993103027,"orthographic":false}