{"cameraMode":{"drawMode":0,"name":"Shaded","section":"Shading Mode"},"sceneLighting":false,"audioPlay":false,"sceneViewState":{"showFog":true,"showMaterialUpdate":false,"showSkybox":true,"showFlares":true,"showImageEffects":true,"showParticleSystems":true},"in2DMode":false,"pivot":{"x":0.027096152305603029,"y":-31.270130157470704,"z":3.310616970062256},"rotation":{"x":0.026109810918569566,"y":0.9566421508789063,"z":-0.09067699313163758,"w":0.27560457587242129},"size":2.3889622688293459,"orthographic":false}