{"cameraMode":{"drawMode":0,"name":"Shaded","section":"Shading Mode"},"sceneLighting":false,"audioPlay":false,"sceneViewState":{"showFog":true,"showMaterialUpdate":false,"showSkybox":true,"showFlares":true,"showImageEffects":true,"showParticleSystems":true},"in2DMode":false,"pivot":{"x":2.1040892601013185,"y":-30.423187255859376,"z":-1.268319845199585},"rotation":{"x":0.32540634274482729,"y":0.5808290839195252,"z":-0.272035151720047,"w":0.6948243975639343},"size":2.1623494625091554,"orthographic":false}