{"cameraMode":{"drawMode":0,"name":"Shaded","section":"Shading Mode"},"sceneLighting":false,"audioPlay":false,"sceneViewState":{"showFog":true,"showMaterialUpdate":false,"showSkybox":true,"showFlares":true,"showImageEffects":true,"showParticleSystems":true},"in2DMode":false,"pivot":{"x":-5.26836633682251,"y":-32.2767219543457,"z":0.43807196617126467},"rotation":{"x":-0.07291648536920548,"y":0.5418803095817566,"z":-0.0472571924328804,"w":-0.8359692692756653},"size":7.70344877243042,"orthographic":false}