{"cameraMode":{"drawMode":0,"name":"Shaded","section":"Shading Mode"},"sceneLighting":false,"audioPlay":false,"sceneViewState":{"showFog":true,"showMaterialUpdate":false,"showSkybox":true,"showFlares":true,"showImageEffects":true,"showParticleSystems":true},"in2DMode":false,"pivot":{"x":5.069441795349121,"y":-31.34423065185547,"z":-2.454814910888672},"rotation":{"x":0.03358752653002739,"y":0.5579787492752075,"z":-0.022610565647482873,"w":0.8288668394088745},"size":1.6721858978271485,"orthographic":false}