{"cameraMode":{"drawMode":0,"name":"Shaded","section":"Shading Mode"},"sceneLighting":false,"audioPlay":false,"sceneViewState":{"showFog":true,"showMaterialUpdate":false,"showSkybox":true,"showFlares":true,"showImageEffects":true,"showParticleSystems":true},"in2DMode":false,"pivot":{"x":0.12908673286437989,"y":-31.723907470703126,"z":-0.29448509216308596},"rotation":{"x":0.02055826038122177,"y":0.9794068932533264,"z":-0.14652355015277863,"w":0.137520894408226},"size":4.294821262359619,"orthographic":false}