{"cameraMode":{"drawMode":0,"name":"Shaded","section":"Shading Mode"},"sceneLighting":false,"audioPlay":false,"sceneViewState":{"showFog":true,"showMaterialUpdate":false,"showSkybox":true,"showFlares":true,"showImageEffects":true,"showParticleSystems":true},"in2DMode":false,"pivot":{"x":2.2139830589294435,"y":-32.526432037353519,"z":-3.9136123657226564},"rotation":{"x":-0.17568817734718324,"y":0.8196024894714356,"z":-0.33403143286705019,"w":-0.4310835301876068},"size":2.0230884552001955,"orthographic":false}