{"cameraMode":{"drawMode":0,"name":"Shaded","section":"Shading Mode"},"sceneLighting":false,"audioPlay":false,"sceneViewState":{"showFog":true,"showMaterialUpdate":false,"showSkybox":true,"showFlares":true,"showImageEffects":true,"showParticleSystems":true},"in2DMode":false,"pivot":{"x":1.929738998413086,"y":-33.20650100708008,"z":3.312098741531372},"rotation":{"x":0.27702006697654726,"y":0.4607745110988617,"z":-0.15399527549743653,"w":0.8290184736251831},"size":11.635489463806153,"orthographic":false}