{"cameraMode":{"drawMode":0,"name":"Shaded","section":"Shading Mode"},"sceneLighting":false,"audioPlay":false,"sceneViewState":{"showFog":true,"showMaterialUpdate":false,"showSkybox":true,"showFlares":true,"showImageEffects":true,"showParticleSystems":true},"in2DMode":false,"pivot":{"x":4.034721374511719,"y":-32.095703125,"z":1.7255587577819825},"rotation":{"x":-0.29347318410873415,"y":0.14581914246082307,"z":-0.045353297144174579,"w":-0.9437049031257629},"size":3.951068639755249,"orthographic":false}