{"cameraMode":{"drawMode":0,"name":"Shaded","section":"Shading Mode"},"sceneLighting":false,"audioPlay":false,"sceneViewState":{"showFog":true,"showMaterialUpdate":false,"showSkybox":true,"showFlares":true,"showImageEffects":true,"showParticleSystems":true},"in2DMode":false,"pivot":{"x":-1.0640000104904175,"y":-30.924001693725587,"z":2.0012898445129396},"rotation":{"x":0.005213399417698383,"y":0.8137946724891663,"z":-0.5811010003089905,"w":0.007311329245567322},"size":3.937328338623047,"orthographic":false}